{"cameraMode":{"drawMode":0,"name":"Shaded","section":"Shading Mode"},"sceneLighting":true,"audioPlay":false,"sceneViewState":{"showFog":true,"showMaterialUpdate":false,"showSkybox":true,"showFlares":true,"showImageEffects":true,"showParticleSystems":true},"in2DMode":false,"pivot":{"x":0.96044921875,"y":1.66357421875,"z":1.5947265625},"rotation":{"x":-0.11811747401952744,"y":0.49190911650657656,"z":-0.06756570935249329,"w":-0.8599487543106079},"size":7.064693450927734,"orthographic":true}