{"cameraMode":{"drawMode":0,"name":"Shaded","section":"Shading Mode"},"sceneLighting":false,"audioPlay":false,"sceneViewState":{"showFog":true,"showMaterialUpdate":false,"showSkybox":true,"showFlares":true,"showImageEffects":true,"showParticleSystems":true},"in2DMode":false,"pivot":{"x":37.08366394042969,"y":-13.61750602722168,"z":-43.61021423339844},"rotation":{"x":0.037930261343717578,"y":0.9616166949272156,"z":-0.17587900161743165,"w":0.2073705494403839},"size":71.7766342163086,"orthographic":false}