{"cameraMode":{"drawMode":0,"name":"Shaded","section":"Shading Mode"},"sceneLighting":true,"audioPlay":false,"sceneViewState":{"showFog":true,"showMaterialUpdate":false,"showSkybox":true,"showFlares":true,"showImageEffects":true,"showParticleSystems":true},"in2DMode":false,"pivot":{"x":0.1844647228717804,"y":1.2299998998641968,"z":1.8659236431121827},"rotation":{"x":-0.02382771298289299,"y":0.11877762526273728,"z":-0.002850949065759778,"w":-0.9926326274871826},"size":1.3462120294570923,"orthographic":true}