{"cameraMode":{"drawMode":0,"name":"Shaded","section":"Shading Mode"},"sceneLighting":true,"audioPlay":false,"sceneViewState":{"showFog":true,"showMaterialUpdate":false,"showSkybox":true,"showFlares":true,"showImageEffects":true,"showParticleSystems":true},"in2DMode":false,"pivot":{"x":-0.15071716904640199,"y":1.5869085788726807,"z":2.668519973754883},"rotation":{"x":-0.09619102627038956,"y":0.8662905693054199,"z":-0.18328554928302766,"w":-0.4546462893486023},"size":0.7514525055885315,"orthographic":false}